document_id,name,cohorts,language,size_bytes,actual_pages,azure_pages,docling_pages,azure_seconds,docling_seconds,time_ratio_docling_to_azure,azure_tables,docling_tables,azure_table_cells,azure_table_empty_cells,azure_table_invalid_cells,azure_table_duplicate_coordinates,azure_table_multi_page_tables,azure_table_sourceless_tables,docling_table_cells,docling_table_empty_cells,docling_table_invalid_cells,docling_table_duplicate_coordinates,docling_table_multi_page_tables,docling_table_sourceless_tables,azure_sections,docling_sections,azure_figures,docling_native_pictures,azure_hyperlinks,azure_raw_pages,docling_native_pages,source_tokens,azure_tokens,docling_tokens,azure_projected_tokens,docling_projected_tokens,source_low_text_pages,source_low_text_page_ratio,ocr_heavy,azure_source_5gram_precision,azure_source_5gram_recall,azure_source_5gram_f1,docling_source_5gram_precision,docling_source_5gram_recall,docling_source_5gram_f1,azure_docling_5gram_f1,azure_projected_source_5gram_f1,docling_projected_source_5gram_f1,azure_docling_projected_5gram_f1,azure_5gram_repetition_rate,docling_5gram_repetition_rate
3004774,A78284-1 Response to NEB - Request for Information - A5D5Q4,pages_2_5,eng,146434,2,2,2,3.5752551758196205,17.559334574034438,4.911351417038084,3,3,45,0,0,0,0,0,45,0,0,0,0,0,6,1,1,1,1,2,2,212,199,199,281,212,0,0.0,False,0.9114583333333334,0.8454106280193237,0.8771929824561404,0.828125,0.7681159420289855,0.7969924812030075,0.8958333333333334,0.8992974238875878,0.7246376811594203,0.711943793911007,0.01538461538461533,0.01538461538461533
3389845,"A88112-1 Financial Resource Requirements - Response to Board letter dated Nov 2, 2017 - A5X5C1",ocr_candidates,eng,5775583,13,13,12,8.243422138039023,45.10955622908659,5.472188063853955,2,2,49,0,0,0,0,0,49,0,0,0,0,0,10,1,1,4,0,13,13,0,4494,4477,4665,4489,13,1.0,True,0.0,0.0,0.0,0.0,0.0,0.0,0.9578735018393258,0.0,0.0,0.9383763402851419,0.06080178173719375,0.05879722781131236
3777604,A99339-3 Financial Resources Plan 1057533 Alberta Ltd Part 3 of 4 - A6U3F5,ocr_candidates,eng,2002511,49,49,49,7.352043160004541,76.37328683095984,10.388035702297573,45,9,556,69,0,0,0,0,256,31,0,8,0,0,78,1,18,46,0,49,49,0,9489,9545,11964,10243,49,1.0,True,0.0,0.0,0.0,0.0,0.0,0.0,0.8449413235192,0.0,0.0,0.794866859159448,0.2502899314707433,0.23592914788806207
3777728,A99339-1 Financial Resources Plan 1057533 Alberta Ltd Part 1 of 4 - A6U3F3,ocr_candidates,eng,2268573,37,37,37,7.821649118093774,69.28987942589447,8.858730221687727,16,18,1108,155,0,0,2,0,1139,211,0,28,0,0,81,1,26,31,0,37,37,0,14216,13438,17027,13983,37,1.0,True,0.0,0.0,0.0,0.0,0.0,0.0,0.852431159000502,0.0,0.0,0.8093772024184873,0.0668449197860963,0.05977370850081887
3777729,A99339-2 Financial Resources Plan 1057533 Alberta Ltd Part 2 of 4 - A6U3F4,ocr_candidates,eng,2085202,40,40,40,7.6815352640114725,84.33122332789935,10.978433402889785,67,35,1584,149,0,0,0,0,1438,255,0,61,0,0,71,1,33,76,0,40,40,0,13163,12786,17023,13083,40,1.0,True,0.0,0.0,0.0,0.0,0.0,0.0,0.7989304252084098,0.0,0.0,0.7563340949479563,0.27783266205638724,0.25129087779690185
3777768,"A99416-9 Revolver - Compiled, Executed - A6U4J4",pages_101_plus,eng,1635540,131,131,131,16.201798183145,56.6479841938708,3.496401050890921,10,11,566,202,0,0,1,0,529,82,0,0,0,0,49,1,0,12,0,131,131,51000,50837,51053,52608,51410,14,0.10687022900763359,False,0.9847615926593478,0.9777808766792172,0.9812588195505382,0.9827325053014239,0.9801515362803886,0.9814403239507092,0.9905878506200808,0.979705909639113,0.9742162864032646,0.9742237030866768,0.1595813743040938,0.15937628552958927
3777879,A99400-2 EBPC File OF-Gen-06 FRR Financial Resource Plan - A6U4E1,ocr_candidates,eng,4693075,23,23,23,9.046640345826745,56.12922815512866,6.20442794335483,25,26,842,86,0,0,0,0,880,158,0,11,0,0,68,1,2,5,0,23,23,833,8487,8301,10329,8354,21,0.9130434782608695,True,0.09556840077071291,0.9662337662337662,0.17393337229690242,0.09643414888079126,0.9623376623376624,0.17530163236337828,0.910207511797789,0.17228292121909144,0.1752988047808765,0.8804895149467781,0.08228221148178705,0.07388212606966371
3783531,A99615-1 Aurora Pipeline Company Ltd. - 2019 Financial Resource Requirement Plan - A6U7K9,pages_101_plus,eng,5736717,296,296,296,51.810811342904344,174.56807428086177,3.3693368190183617,191,205,9404,1375,0,0,10,0,9835,1129,0,342,0,0,540,1,24,27,354,296,296,157124,156788,157642,182375,160234,4,0.013513513513513514,False,0.9703165812456803,0.9707696866833697,0.9705430810805958,0.9717656784953677,0.9711199116355506,0.9714426877470356,0.9835018770319545,0.963505595216412,0.963898081918793,0.9506727641650198,0.28941090927645674,0.2940598079143354
3785565,A99870-1 2016-06-10 Financial Plan Reporting - A6V1D0,ocr_candidates,eng,5953355,16,16,15,7.256860380992293,48.47460424085148,6.679831455462441,6,4,147,30,0,0,0,0,168,22,0,27,0,0,17,1,3,14,0,16,16,0,3772,3938,4424,4210,16,1.0,True,0.0,0.0,0.0,0.0,0.0,0.0,0.8174137190319348,0.0,0.0,0.7718918918918918,0.06289808917197448,0.12252160650737165
3785566,A99870-2 Financial Plan - A6V1D1,ocr_candidates,eng,21276997,42,42,41,12.852135645924136,75.07074718386866,5.841110711251809,30,28,1720,133,0,0,1,0,1706,253,0,11,0,0,98,1,1,2,0,42,42,0,21144,20011,25566,20372,42,1.0,True,0.0,0.0,0.0,0.0,0.0,0.0,0.8829404281809078,0.0,0.0,0.8671656500546041,0.10823084200567645,0.09556655170690254
3785567,A99870-3 Financial Plan con t - A6V1D2,pages_21_100;ocr_candidates,eng,16554081,36,36,35,12.372893129009753,85.17472112784162,6.883977760071258,69,66,3216,273,0,0,1,0,3305,630,0,77,0,0,62,1,0,0,0,36,36,0,17041,16907,23777,17133,36,1.0,True,0.0,0.0,0.0,0.0,0.0,0.0,0.9192880108720872,0.0,0.0,0.8874963472840027,0.1099371955156424,0.11228775956930725
3805297,"C00439-2 Credit Agreement Between Enbridge Bakken and Enbridge Inc. Dated July 10, 2019 - A6V9G0",pages_21_100,eng,3479936,30,30,30,7.581139469984919,58.82376917009242,7.759225298912676,1,0,4,0,0,0,0,0,0,0,0,0,0,0,76,1,0,3,0,30,30,12252,10909,10973,12261,12258,0,0.0,False,0.9758699254349628,0.9618250484842299,0.9687965866447334,0.976389318486442,0.9666224354394203,0.971481329503488,0.9760785326788943,0.9662669048226588,0.974434862478951,0.9599959179508113,0.1145346171480972,0.1157808369040022
3819455,C01421-2 2019 09 03 CTHI IR response to NEB IR#2 with attachment - A6X4X6,pages_6_20,eng,2347248,12,12,12,8.57623905618675,38.44484203006141,4.482715765989284,1,1,77,0,0,0,0,0,150,0,0,73,0,0,9,1,8,13,0,12,12,3294,3819,4113,4169,4127,2,0.16666666666666666,False,0.856418918918919,0.9851036269430051,0.9162650602409639,0.8237250554323725,0.9624352331606217,0.8876941457586619,0.9427374301675978,0.9081952530228391,0.8633457249070632,0.9252207505518765,0.0689384010484928,0.12192747627159894
4049587,C11725-2 County of Vermilion River Dec 31 2019 Financial Statement - A7R5W2,ocr_candidates,eng,1544185,27,27,27,7.676588292932138,62.19659848394804,8.102114651792993,28,26,1533,279,0,0,0,0,1185,179,0,8,0,0,66,1,1,8,0,27,27,0,7565,7349,11002,7695,27,1.0,True,0.0,0.0,0.0,0.0,0.0,0.0,0.7960191981931113,0.0,0.0,0.767272226809799,0.053564343340827936,0.0453369639210347
4091415,C12645-1 Letter to CER re Enbridge Gas Annual Update to Financial Resources Plan - A7T0D4,pages_1_1,eng,100816,1,1,1,4.169320510933176,15.575204877881333,3.735669838056009,0,0,0,0,0,0,0,0,0,0,0,0,0,0,1,1,1,2,2,1,1,175,151,150,178,176,0,0.0,False,0.9727891156462585,0.8362573099415205,0.89937106918239,0.9726027397260274,0.8304093567251462,0.8958990536277602,0.9488054607508534,0.9507246376811593,0.8979591836734693,0.8554913294797688,0.0,0.0
4230607,C18111-2 Mercer Wilde Sept 2021 Audit - A8C5A3,ocr_candidates,eng,603670,15,15,15,3.75214665196836,47.2826790867839,12.601500813402273,13,13,584,74,0,0,0,0,584,78,0,0,0,0,44,1,2,4,0,15,15,0,3541,3495,4928,3651,15,1.0,True,0.0,0.0,0.0,0.0,0.0,0.0,0.9344262295081966,0.0,0.0,0.8936905790838375,0.04749787955894824,0.04296763105127466
4333670,C23584-1 Letter to CER re EPI Annual Update to Financial Resource Requirement Plan - A8K9H2,pages_1_1,eng,109517,1,1,1,3.4851903051603585,15.182195955188945,4.356202854320287,0,0,0,0,0,0,0,0,0,0,0,0,0,0,3,1,1,2,2,1,1,186,160,166,189,186,0,0.0,False,0.9615384615384616,0.8287292817679558,0.8902077151335311,0.9506172839506173,0.850828729281768,0.8979591836734694,0.9182389937106918,0.915068493150685,0.9281767955801105,0.8547945205479451,0.0,0.0
4364989,C24129-1 2023 04 24 Pipeline Financial Requirement Annual Compliance Filing Executed - A8L7Q6,pages_6_20,eng,1173298,6,6,6,3.82688866998069,31.761205164017156,8.299485013285588,3,5,67,18,0,0,0,0,219,29,0,24,0,0,8,1,4,4,1,6,6,1005,1207,2126,1605,2329,2,0.3333333333333333,False,0.5783549783549784,0.6858316221765913,0.6275246594645373,0.489344262295082,0.6129363449691991,0.5442114858705561,0.8370526315789474,0.6940718303764605,0.6269907795473597,0.8352128046562387,0.03990024937655856,0.42507068803016024
4366112,C24183-1 2023 Submission AltaGas File OF-Gen-06 FRR (part 1) - signed - A8L8I7,pages_101_plus,eng,3499617,177,177,177,34.03226827690378,112.66446480317973,3.3105188254419176,175,176,7758,596,0,0,4,0,8293,926,0,227,0,0,300,1,7,26,5,177,177,77063,77959,78859,95857,80563,8,0.04519774011299435,False,0.9414011458438034,0.9653679653679653,0.953233932115414,0.9320307281229125,0.9587370301656016,0.9451952714832504,0.9766002642714972,0.9467390304479808,0.9363766862822461,0.9412168792934249,0.23425052915143352,0.2406315389005136
4366669,C24307-1 Sunoco Pipeline LP Financial Resources Plan - 2023 Annual Filing - A8Q0E6,pages_101_plus,eng,2811497,260,260,260,46.20238323113881,144.10698084207252,3.1190378236798266,135,142,7354,579,0,0,8,0,7411,784,0,166,0,0,366,1,22,34,733,260,260,156809,160572,157599,179344,159553,6,0.023076923076923078,False,0.9647447754732575,0.9769251002303505,0.9707967335429654,0.9721728786677241,0.9771243653406237,0.9746423332710555,0.9771395840328665,0.9700513168966513,0.9616047839774723,0.9638548548352316,0.20877758955707237,0.1998477109045338
4442457,C28945-10 Appendix J - Ltr to Peel 15Mar2024 - A8X1U6,pages_21_100,eng,11366564,77,77,74,21.943272572010756,110.0575743119698,5.015549706671886,26,14,290,45,0,0,0,0,135,8,0,4,0,0,137,1,22,18,0,77,77,189,30507,25264,33262,28153,76,0.987012987012987,True,0.01526266970233578,0.9783783783783784,0.03005645964795749,0.018613061050840245,0.9459459459459459,0.03650777093981433,0.6997789379615258,0.0266902602669026,0.029040823099900432,0.5843533372945138,0.6112185686653772,0.627790973871734
4442903,C28945-2 Appendix B - Region road widening consultation with TCPL - A8X1T8,ocr_candidates,eng,3718163,21,21,21,7.671617055078968,50.434234847081825,6.574133521653301,4,0,27,0,0,0,0,0,0,0,0,0,0,0,39,1,20,31,0,21,21,0,5769,5710,6394,6098,21,1.0,True,0.0,0.0,0.0,0.0,0.0,0.0,0.845752359800111,0.0,0.0,0.8071055381400208,0.22792714657415436,0.20189274447949523
4449381,C29446-1 Energy Transfer Operations GP LLC (Sunoco Pipeline) - Financial Requirements Plan Update - A8X9E6,largest,eng,5488012,306,306,304,62.35935107199475,188.65035358793102,3.0252135460827922,140,155,7879,647,0,0,11,0,8413,956,0,222,0,0,438,1,22,28,361,306,306,181997,181482,182057,204445,184634,5,0.016339869281045753,False,0.9708991788006349,0.9718448010278443,0.9713717597754755,0.9699251753271854,0.9706152560285697,0.9702700929771683,0.9859480575052971,0.9676715786297029,0.963660649596363,0.9655085410344709,0.2015010083866915,0.2042317347146161
4506141,C32620-3 Pembina Pipeline Corporation 2024 Q1 Report - A9F7J7,pages_21_100,eng,2690992,60,60,60,11.801417583134025,62.41345927910879,5.288640863645641,62,60,3393,239,0,0,0,0,3488,294,0,134,0,0,144,1,7,8,0,60,60,25558,25024,25333,32943,25976,2,0.03333333333333333,False,0.9757588532883642,0.9568003307151716,0.9661865998747651,0.9635676413460024,0.9484807771806532,0.9559646884195724,0.9713609467455622,0.9590718493555939,0.9499239710316746,0.9323069027457019,0.24156674660271782,0.2479371471435904
4568375,C34334-7 PAA 2024 10-K (As Filed) - A9I3W4,pages_101_plus,eng,2612802,189,189,189,32.619625117164105,94.60458023194224,2.900235054576464,106,109,4593,749,0,0,3,0,4592,517,0,117,0,0,466,1,6,8,303,189,189,107810,107080,107343,120076,108871,0,0.0,False,0.9794389326034896,0.9754565691441032,0.9774436945908113,0.9824463161263043,0.9763651644557514,0.9793963007900838,0.9843543977213701,0.9722919067959409,0.9665949008498583,0.9629746550013529,0.18104897456012548,0.18479769701599602
4568582,C34338-1 Lettre de PTNI suite aux commentaires préliminaires du Propriétaire - A9I3X2,french,eng,8818059,105,105,105,15.384925486985594,60.69964895187877,3.9453976558564277,14,8,394,14,0,0,0,0,331,29,0,3,0,0,140,1,74,101,0,105,105,25602,27465,27205,31203,29953,6,0.05714285714285714,False,0.7772306302236277,0.8437055563729097,0.8091050181065702,0.8314370184554739,0.9102545240547301,0.8690623902610324,0.8556197845205694,0.7803434252146408,0.8296536358112214,0.7858320636179582,0.1939477804886931,0.1792948788647476
4571982,C34599-13 Appendix I - SaskPower 2023-2024 Annual Report Part3 - A9I7W7,ocr_candidates,eng,19802308,24,24,24,11.940099868923426,68.16310726618394,5.708755204266968,28,29,1294,100,0,0,0,0,1358,232,0,10,0,0,61,1,11,11,0,24,24,0,8999,8897,11210,9018,24,1.0,True,0.0,0.0,0.0,0.0,0.0,0.0,0.9463316820004718,0.0,0.0,0.9068596237337192,0.05280711506392444,0.0513887327111211
4572147,C34599-11 Appendix I - SaskPower 2023-2024 Annual Report Part1 - A9I7W5,ocr_candidates,eng,19741444,31,31,31,12.508140045916662,74.85456073610112,5.984467751505367,31,33,939,163,0,0,0,0,973,170,0,0,0,0,66,1,22,45,0,31,31,0,11714,11517,13579,12001,31,1.0,True,0.0,0.0,0.0,0.0,0.0,0.0,0.9473157415832575,0.0,0.0,0.9111810472943439,0.05422715627668662,0.05280986710674884
4572148,C34599-14 Appendix I - SaskPower 2023-2024 Annual Report Part4 - A9I7W8,ocr_candidates,eng,9989831,12,12,12,7.765162567142397,57.516249880893156,7.406960174184648,4,4,766,95,0,0,0,0,790,116,0,0,0,0,61,1,15,14,0,12,12,363,4510,4663,5808,4782,11,0.9166666666666666,True,0.026019690576652602,0.3153409090909091,0.04807275877003031,0.030099560083352628,0.3693181818181818,0.055662599015200175,0.9344205008736167,0.047399328859060404,0.06978687839531968,0.9055367231638419,0.053262316910785645,0.07297703369821851
4572275,C34599-21 Appendix P - Joint Operating Agreement Among and Between Southwest Power Pool and SaskPower - A9I7X5,ocr_candidates,eng,13639990,27,27,27,316.87395992618985,57.745128192938864,0.18223374431395234,1,2,126,0,0,0,1,0,89,0,0,0,0,0,64,1,0,5,0,27,27,0,9555,9481,10047,9445,27,1.0,True,0.0,0.0,0.0,0.0,0.0,0.0,0.9634387351778656,0.0,0.0,0.9227920755415664,0.15108365616165842,0.14698744328373958
4572347,C34599-8 Appendix F - Project Environmental Assessment - Environmental Impact Statement - A9I7W2,largest;figure_absolute,eng,18108510,482,482,482,70.70366823696531,299.4635630599223,4.235474205613517,119,141,8210,700,0,0,21,0,8584,815,0,275,0,0,865,1,283,262,193,482,482,146857,138652,136993,184841,153062,5,0.01037344398340249,False,0.9519542511460845,0.9259340982641954,0.9387639061720799,0.9460491035219801,0.9115272874374816,0.9284674130366584,0.9536074152160081,0.9173474399470101,0.9061898038083465,0.8868904381060232,0.23695257053834173,0.23498237084729434
4572349,C34599-12 Appendix I - SaskPower 2023-2024 Annual Report Part2 - A9I7W6,ocr_candidates,eng,19868268,53,53,53,13.47690384206362,90.57034617802128,6.720411990722708,55,51,2320,264,0,0,0,0,2201,320,0,9,0,0,150,1,17,27,0,53,53,0,18897,17804,23165,18302,53,1.0,True,0.0,0.0,0.0,0.0,0.0,0.0,0.8802233323538053,0.0,0.0,0.8440737788910395,0.07748901709627909,0.06735955056179777
4575457,REM2020-034 - Filing Receipt 2025-06-06 001157 - A9J3V1,pages_2_5,eng,52833,2,2,2,5.906248664017767,15.326307893032208,2.5949310238838437,1,1,4,0,0,0,0,0,4,0,0,0,0,0,4,1,0,0,0,2,2,357,334,356,350,356,1,0.5,True,0.9164086687306502,0.8554913294797688,0.8849028400597907,0.9069767441860465,0.9017341040462428,0.9043478260869565,0.8575712143928036,0.894187779433681,0.8753623188405797,0.8370702541106129,0.021212121212121238,0.022727272727272707
4576114,C35084-1 Sunoco Pipeline LP - Financial Resources Plan Update (June 2025 Resubmission) - A9J5A3,largest,eng,6824150,309,309,302,62.6415264448151,217.7440720719751,3.47603394153876,148,155,7875,607,0,0,9,0,8065,782,0,187,0,0,439,1,24,35,289,309,309,365080,180889,354064,203364,359135,0,0.0,False,0.9867320171199779,0.9435910300165695,0.9646794424028913,0.8345407559353755,0.8889710396546147,0.8608964154887707,0.8780725157809832,0.9628492930375929,0.8585703402742509,0.8619217219370503,0.19915968709401,0.5442495622210926
4577806,REM2024-029 - Annual Update - Compte rendu annuel - 2025-06-19 0012 - A9J6X1,pages_2_5,eng,58223,2,2,2,7.048117331927642,16.02843470987864,2.274144137367092,1,1,18,0,0,0,0,0,18,0,0,0,0,0,4,1,0,0,2,2,2,367,367,365,498,355,0,0.0,False,1.0,1.0,1.0,0.9879518072289156,0.9820359281437125,0.984984984984985,0.984984984984985,0.9940476190476192,0.849772382397572,0.8446455505279035,0.07988980716253447,0.08033240997229918
4590700,C35875-2 Saskatchewan Power Corporation Response to CER Information Request No. 1 - A9K6K8,pages_21_100,eng,4924349,70,70,70,16.52846869896166,76.04566165897995,4.600889716042312,11,26,1343,204,0,0,5,0,1328,121,0,88,0,0,78,1,9,20,25,70,70,18279,19343,20240,28317,21392,12,0.17142857142857143,False,0.7736986668453139,0.8777169782641739,0.8224319031511484,0.6997377342800486,0.8313573491412068,0.759890243478865,0.8741492146596859,0.8083873167405388,0.7864252471379558,0.8431173153369697,0.22814002792285015,0.2274659023522435
4594286,C36225-1 Réponse de PTNI à la lettre de statut du dossier du Propriétaire - A9L2A2,french,eng,5014685,31,31,31,7.997717243153602,56.13390849297866,7.018741321597955,4,1,28,1,0,0,0,0,12,2,0,0,0,0,20,1,6,38,0,31,31,2190,5879,5797,6592,6407,8,0.25806451612903225,False,0.3253570766091634,0.8791979949874686,0.4749526130517195,0.31728624535315986,0.8556390977443609,0.46291525423728813,0.7761582025810044,0.4674812770989357,0.45962732919254656,0.7447264926707186,0.08238297872340428,0.0712929397548766
4596529,C36388-1 Letters of Comment - A9L4Q9,pages_101_plus,eng,16516771,229,229,229,25.58381209918298,83.60137785505503,3.267745148023693,211,223,1702,0,0,0,0,0,1792,0,0,0,0,0,6,1,0,0,486,229,229,68621,68623,68616,74377,68616,1,0.004366812227074236,False,0.8313685865049961,0.7955522131499785,0.8130661542684601,0.7845322153574581,0.7639664804469274,0.774112780317875,0.9037894385398698,0.7773462103716144,0.770201882788268,0.8244299154839738,0.870196301315962,0.867894828892905
4596827,C36328-1 Letters of Comment - A9L3U0,largest;table_absolute,eng,21831083,625,625,625,59.92259533889592,241.8781017139554,4.036509105555241,567,624,4536,0,0,0,0,0,4992,0,0,0,0,0,3,1,0,0,1250,625,625,187602,187600,187598,202929,187598,0,0.0,False,0.730622251063523,0.6876357220412594,0.7084775388918021,0.6410956984727476,0.6209961997828447,0.6308859014133056,0.8353054045410937,0.6566226023846552,0.6289772139680788,0.7180026972796948,0.9260698522356553,0.9239101463799482
4597172,C36325-1 Letters of Comment - A9L3S7,largest;table_absolute,eng,18110656,500,500,500,64.1136469701305,190.85571690904908,2.9768345107238345,479,500,3832,0,0,0,0,0,4000,0,0,0,0,0,2,1,0,0,1378,500,500,155416,155414,155416,168362,155416,0,0.0,False,0.7353939610505628,0.6896782841823056,0.7118028534370947,0.6516179540709812,0.6275971849865952,0.6393820416524413,0.8531511679153813,0.6574817299628608,0.6386956336164582,0.724611757053419,0.9279711730261888,0.9260288780789128
4597173,C36325-2 Letters of Comment - A9L3S8,table_absolute,eng,11323869,291,291,291,33.33790330006741,111.25875310506672,3.337305051959934,276,290,2208,0,0,0,0,0,2320,0,0,0,0,0,1,1,0,0,580,291,291,87820,87820,87818,95286,87818,0,0.0,False,0.7687869028448738,0.7223553145883242,0.7448482090619515,0.6910803034266283,0.6662463749842391,0.6784361558708352,0.8709762882500993,0.6952248043201262,0.6750995248491074,0.7551411103563268,0.9151407488384804,0.9129296012025417
4600563,C36722-1 List of Authorities - A9Q0I1,largest,eng,11505300,799,799,795,123.26229451596737,627.8645000839606,5.093727181937435,32,45,1781,194,0,0,5,0,3072,413,0,41,0,0,2853,1,78,148,739,799,799,323780,322011,318567,343356,331321,40,0.05006257822277847,False,0.8949274231309505,0.9139204794504172,0.9043242369399528,0.8438351464668828,0.8428835563489723,0.8433590829803138,0.9152245483291286,0.903573579250361,0.8291520683843291,0.8768101059810512,0.20411668069327682,0.21311953993401622
4607773,C37236-4 Commission - Ordonnance XO-002-2025 - Pouce Coupé Pipe Line Ltd. - Demande concernant le projet de pipeline de Taylor à Gordondale - OH-001-2024 - A9Q9T1,french,eng,612827,34,34,34,7.595683099934831,71.2260844388511,9.377179577102448,4,31,315,83,0,0,1,0,619,215,0,21,0,0,8,1,1,2,2,34,34,12812,12602,11790,24455,11870,0,0.0,False,0.9788933819903344,0.956995468132292,0.9678205753291078,0.9255435976279376,0.8126506604956127,0.8654310212044977,0.8637048584047804,0.9617365355922414,0.8711656441717792,0.8512375606021944,0.19518971265280205,0.2273884269472255
4608830,C37284-2 Commission – IR No. 1 - Powell River Energy Inc. – Application for a Contract-Specific Electricity Export Permit - A9R0L5,pages_2_5,eng,274114,5,5,5,4.2801121331285685,29.780264595057815,6.957823456202253,1,0,12,0,0,0,0,0,0,0,0,0,0,0,8,1,0,0,19,5,5,1378,1318,1348,1404,1376,0,0.0,False,0.983580922595778,0.9537528430629265,0.9684372594303311,0.9,0.8938589840788476,0.8969189806009891,0.9007338740826574,0.9734647460197119,0.9275692074326887,0.9116420174440653,0.026636225266362223,0.02529761904761907
4611152,C37443-1 Avis de communication de Rapports expertises (28-11-2025) - A9R3D0,french,eng,10914241,231,231,231,30.12991754594259,119.67353949905373,3.9719172585379154,55,35,2121,405,0,0,0,0,2000,369,0,9,0,0,277,1,94,157,25,231,231,52368,56127,56499,66949,61060,11,0.047619047619047616,False,0.844004540656802,0.9147815575893629,0.8779689458364841,0.831351199325003,0.8932610948022794,0.8611949305974652,0.9064415797421769,0.8535947843329694,0.8220895882317478,0.8442357968121891,0.10530442064750634,0.1188954774758828
4631376,C37539-1 Plains Midstream Canada ULC Bodo CER Cover Letter - 2025 - A9R4R9,pages_1_1,eng,32499,1,1,1,4.049655469832942,16.79523044009693,4.14732328841539,0,0,0,0,0,0,0,0,0,0,0,0,0,0,1,1,1,2,0,1,1,0,188,180,201,193,1,1.0,True,0.0,0.0,0.0,0.0,0.0,0.0,0.8571428571428572,0.0,0.0,0.8509485094850948,0.005434782608695676,0.011363636363636354
4632316,C37463-6 Appendix C to CER No. 583 - A9R3J5,pages_6_20,eng,136918,6,6,6,9.487518909852952,42.73456355696544,4.50429284652965,2,6,755,3,0,0,1,0,920,22,0,62,0,0,1,1,0,0,0,6,6,1747,1679,2458,3379,2484,0,0.0,False,0.8227739726027398,0.7896466721446179,0.8058700209643607,0.7121684867394695,0.7502054231717338,0.7306922769107643,0.7306122448979592,0.8122699386503068,0.7899159663865547,0.9019920318725101,0.3026865671641791,0.47758761206193967
4642566,C37914-2 Commission - Lettre - NGTL GP Ltd. - Doublement no 3 de la canalisation principale Grande Prairie (section McLeod South) - A9S0K2,french,eng,485718,18,18,18,7.195765742100775,33.47918086592108,4.652622398481105,0,0,0,0,0,0,0,0,0,0,0,0,0,0,39,1,1,2,29,18,18,9570,9363,9533,9592,9659,0,0.0,False,0.9836258687713512,0.9597701149425287,0.9715515736808424,0.9443996776792909,0.9429885057471264,0.943693564157129,0.9459711224965067,0.9753853232114101,0.9487633518021363,0.9371820520148614,0.09295864942835774,0.08836184279567638
4642749,C37877-1 Commission - Letter - Trans Mountain - Trans Mountain Expansion Project - Certificate OC-065 - Updated Condition 71 - Riparian Habitat Management Plan - A9R9X1,pages_6_20,eng,292426,12,12,12,8.737640626961365,38.26196022192016,4.378980763280291,0,0,0,0,0,0,0,0,0,0,0,0,0,0,14,1,1,2,19,12,12,5020,4833,5010,5050,5031,0,0.0,False,0.9920116194625999,0.9528016740292955,0.972011385199241,0.9678920428106096,0.9672169262962101,0.9675543667868357,0.9631035710048642,0.9815652173913043,0.9713024282560707,0.9606025492468135,0.1445433837233382,0.14143028365960852
4642786,C37916-7 C36838 CNRL P1 ESA R2 Part5 - A9S0L5,pages_101_plus,eng,18688015,119,119,118,16.32556093693711,108.3142341230996,6.634640888695906,53,44,4229,2184,0,0,2,0,5109,2752,0,147,0,0,140,1,104,108,25,119,119,16673,17143,18462,25004,22938,12,0.10084033613445378,False,0.7559948531992046,0.7099857189937383,0.7322682982098346,0.6878820568140956,0.6304514995056575,0.6579158546371661,0.7089746625621597,0.6671466035892425,0.6944541506514252,0.66795149008179,0.501196102456386,0.5480008668328096
4643091,C37853-3 Tributary to Six Mile Creek HDD IFC Designs November 6 2025 - A9R9Q7,figure_dense,eng,10268370,5,5,5,8.42502623097971,57.09037174284458,6.776284153622841,8,11,254,0,0,0,0,0,331,0,0,4,0,0,13,1,28,19,0,5,5,4458,2834,2987,4796,4849,0,0.0,False,0.7962781586679726,0.588917059036581,0.6770768269831356,0.7791072250345145,0.6131836291198841,0.6862586137008513,0.7705812574139976,0.6298858526461432,0.7467959819882231,0.53463705667882,0.2784452296819788,0.27153871940998997
4643092,C37853-4 Kiskatinaw River HDD IFC Designs November 6 2025 - A9R9Q8,figure_dense,eng,9578523,5,5,5,11.077027810970321,57.581119399983436,5.198246351151796,13,10,493,145,0,0,0,0,336,0,0,4,0,0,13,1,28,22,0,5,5,5008,2903,2348,5499,5609,0,0.0,False,0.7800947867298578,0.5202275600505689,0.6241941600303376,0.8345286885245902,0.5148546144121365,0.6368256450351837,0.7892663712456919,0.5860023724792408,0.7730268199233716,0.4884022475147673,0.2721628147637116,0.16723549488054612
4643191,C37899-2 Abandonment Funding Reporting Form - A9S0G8,pages_2_5,eng,368929,2,2,2,7.27580750011839,18.346887317020446,2.5216290173595044,3,1,57,0,0,0,0,0,56,1,0,13,0,0,4,1,1,3,1,2,2,434,486,823,1036,871,1,0.5,True,0.3502202643171806,0.37767220902612825,0.36342857142857143,0.49615975422427033,0.7672209026128266,0.6026119402985074,0.6552036199095022,0.4885057471264368,0.5994599459945995,0.7281035795887281,0.05809128630705396,0.20512820512820518
4646096,C38063-1 NGTL GP 2021 Abandonment Program Cond. 12 Post-Abandonment Reclamation Monitoring First-Year Report - A9S2V5,figure_absolute,eng,44618669,208,208,208,32.12663207994774,217.52824846096337,6.770963352761041,74,28,3675,627,0,0,0,0,2033,29,0,244,0,0,241,1,372,211,2,208,208,50715,34930,23873,60706,52671,0,0.0,False,0.8638310019982872,0.7067451420029895,0.7774323664671274,0.9287436188315371,0.6118740657698056,0.7377224600135165,0.8384199373794237,0.6983546617915904,0.8231421816327478,0.6877422534895704,0.49851113783427814,0.40910804809585655
4646381,C38057-5 05 - 2021 SXP Valhalla Section - Year 3- PCM Report - A9S2T3,pages_21_100,eng,8059560,76,76,76,15.438840671209618,79.89185741404071,5.174731646983262,56,42,1928,36,0,0,1,0,2149,191,0,163,0,0,72,1,47,33,2,76,76,25897,23825,24301,43563,27557,0,0.0,False,0.9422315585359942,0.8784272371196143,0.9092113982770046,0.8973618795605806,0.8429496836396505,0.8693051617664195,0.8994687701223438,0.8826895030103588,0.9129437869822484,0.8543097432884057,0.48041643927626887,0.4867267563896778
4646492,C37986-2 Attachment 1 - PCEM - Year 5 Post Construction Environmental Assessment Report - Spread 2 - A9S1T2,pages_21_100,eng,9687237,62,62,62,16.032126566162333,72.84630288905464,4.543770446698271,27,27,4591,203,0,0,0,0,4638,218,0,21,0,0,42,1,81,103,0,62,62,25062,22517,22615,39643,25508,0,0.0,False,0.9596562255842034,0.9263627014055537,0.9427156014512978,0.9472864926059577,0.9179293794994857,0.9323769064698099,0.9486034311640437,0.9309001435308591,0.9093639093639092,0.9194448224248197,0.37462799271532,0.3749502454557516
4646564,C37951-1 GPML Loop No. 4 Valhalla North Section and Berland River CS C3 Unit Addition Application for Leave to Open Berland River CS C3 Unit Addition Cvr Ltr Tab A-B - A9S1E0,pages_21_100,eng,7068402,34,34,34,16.953620984917507,74.91292202309705,4.418697462314513,12,15,998,98,0,0,1,0,1414,57,0,349,0,0,10,1,19,19,0,34,34,5734,7427,7920,24167,20764,0,0.0,False,0.48964980544747083,0.8171428571428572,0.612360097323601,0.7900624349635796,0.7888311688311689,0.789446321809202,0.5650014607069821,0.3171840625763872,0.37799016004071706,0.2625665286812537,0.13444698908796981,0.5144012127337039
4646565,C37951-3 Tab C2 - A9S1E2,table_absolute;figure_absolute,eng,42076717,200,200,200,67.3722855981905,663.970962717,9.85525363762979,625,24,38752,12499,0,0,0,0,4268,489,0,179,0,0,56,1,421,158,0,200,200,65,126924,77533,204141,130507,199,0.995,True,0.0005315886321815579,0.4406779661016949,0.0010618963017419182,0.0006699822197026309,0.4406779661016949,0.0013379303247053977,0.14834068652598698,0.0016639749424949837,0.0017384158290663127,0.15939641803996563,0.6146391427670974,0.49945181802938254
4646607,C38008-1 NM Cond 39 Y5 PCMR - A9S1Y7,largest;pages_101_plus,eng,22086922,310,310,302,101.61105100996792,441.09599618200014,4.341023853190232,273,227,23264,7,0,0,0,0,22057,318,0,108,0,0,51,1,200,90,0,310,310,237865,228923,217671,451386,230334,0,0.0,False,0.9884377988350865,0.9328720480247235,0.9598514214158582,0.9715054402758785,0.8937494017421269,0.9310067305295396,0.9584574522722937,0.9320207619979347,0.9473705961359645,0.9052210869223032,0.6985047112734198,0.6909223722475157
4646669,C37921-6 Book of Authorities - Volume 1 - A9S0R5,largest,eng,15409223,572,572,572,90.88666097982787,303.45155739599977,3.338790908638951,26,28,941,20,0,0,8,0,1158,170,0,70,0,0,639,1,12,26,100,572,572,284477,258418,261993,289454,283897,0,0.0,False,0.8939848305493445,0.858463002256576,0.8758639056050239,0.9341876099413066,0.9032745613148766,0.9184710485534979,0.8559107650767436,0.8778594461704261,0.9036304119834316,0.8455217034835315,0.11734658338944481,0.12336777498291918
4646771,C38100-4 Keystone XL Condition 19 Fourth Year PCM Report - Appx.C.2 LakesendEast - A9S3J2,figure_dense,eng,15433794,11,11,11,8.733903135871515,47.40708370399989,5.427937883727097,8,0,80,7,0,0,1,0,0,0,0,0,0,0,1,1,52,11,0,11,11,3020,1010,0,3247,3062,0,0.0,False,0.38622754491017963,0.08571428571428572,0.14029363784665577,0.0,0.0,0.0,0.0,0.15560228296785825,0.811041735129806,0.16121356335514575,0.6679920477137177,0.0
4646772,C38100-5 Keystone XL Condition 19 Fourth Year PCM Report - Appx.C.3 MonitorSouth - A9S3J3,figure_dense,eng,13935976,12,12,12,9.340952039929107,48.374906242999714,5.178798267694227,8,0,67,3,0,0,0,0,0,0,0,0,0,0,5,1,58,12,0,12,12,3142,1188,0,3259,3159,0,0.0,False,0.38308457711442784,0.1,0.15859938208032953,0.0,0.0,0.0,0.0,0.16073619631901842,0.8063471502590673,0.17074663402692777,0.660472972972973,0.0
4646812,C37999-1 NGTL GP PRML Abandonment Fifth-Year Reclamation Monitoring Report - A9S1W3,figure_absolute,eng,28665127,157,157,157,38.093135950155556,172.05599207500018,4.516719030434604,122,84,3122,59,0,0,0,0,2893,39,0,114,0,0,108,1,242,64,2,157,157,66332,57990,52320,112489,67221,0,0.0,False,0.9393516065321066,0.7635381181722072,0.8423690008207698,0.9716279543602282,0.7468969027761463,0.8445684177901751,0.9416949320393158,0.7757470933025847,0.9344354760283965,0.7651034904147255,0.6419997930534957,0.624741952748681
4646850,C38068-17 17 Appendix O - Hydrotest Report for Unit 1-2 Seal Gas Racks Part 1 of 2 - A9S2Y4,pages_21_100,eng,31074683,41,41,41,17.332522385986522,88.5747331370003,5.110319846383908,76,35,2865,648,0,0,0,0,2195,289,0,164,0,0,27,1,24,31,0,41,41,12177,9407,7108,19517,16323,0,0.0,False,0.24809575625680086,0.17647058823529413,0.2062415196743555,0.45393106555530527,0.2599329205366357,0.3305717332458371,0.43986737667035064,0.18856718634001482,0.5944412932501417,0.3085839256424276,0.41359140699776664,0.3751407657657657
4647031,C38010-1 C134 Updated VAS and WMTROG - 2026-01-26 - A9S1Z2,figure_absolute,eng,6900013,219,219,219,24.8893394630868,108.60637159900034,4.363569863317332,34,55,1325,103,0,0,9,0,1601,121,0,52,0,0,319,1,245,247,146,219,219,69252,68378,68606,81133,72033,0,0.0,False,0.970429774585088,0.9115790698350833,0.940084286935525,0.9322675892510961,0.9091649457549228,0.9205713444264468,0.9541359665780479,0.9068301725367175,0.9055436256781194,0.8761780685220091,0.5276567116155264,0.5112533162298476
4647074,C38100-2 Keystone XL Condition 19 Fourth Year PCM Report - Appx.A -Appx.B.1-B.6 - A9S3J0,largest;table_absolute,eng,5475057,313,313,313,88.11323000187986,413.1360107550008,4.688694430407179,294,289,18845,12,0,0,0,0,20165,147,0,1067,0,0,52,1,10,3,3,313,313,238046,232985,238602,457992,244491,0,0.0,False,0.9894945904980923,0.9600892540189665,0.9745701636981365,0.9331767647754536,0.93363422756394,0.9334054401189761,0.944341038727109,0.9597951862020178,0.9732460557233972,0.9436398300832859,0.7536322704426541,0.751942598010042
4647187,C38072-1 C146 Indigenous Groups Engagement Report - 2026-01-29 - A9S2Z6,largest;table_absolute,eng,3846252,628,628,628,81.2738280610647,469.5662028330007,5.777581960089223,463,471,11200,20,0,0,2,0,11284,48,0,30,0,0,251,1,4,4,68,628,628,197061,183147,184801,363674,197536,0,0.0,False,0.955730179724578,0.9077741649423589,0.9311351146484745,0.9702169239788939,0.9171962754951227,0.9429618796178466,0.9633074028582013,0.906983360713663,0.9434174599660541,0.9057565231736489,0.7192794701408189,0.7231015655016044
4647207,C38100-6 Keystone XL Condition 19 Fourth Year PCM Report - Appx.C.4 OyenSouth - A9S3J4,figure_dense,eng,15185334,14,14,14,8.821913494961336,44.755942545001744,5.0732692596185895,10,0,97,8,0,0,1,0,0,0,0,0,0,0,1,1,68,14,0,14,14,3825,1596,0,4101,3873,0,0.0,False,0.47244094488188976,0.13651877133105803,0.21182700794351284,0.0,0.0,0.0,0.0,0.17252396166134187,0.8193932520555713,0.17679851340589325,0.6809045226130653,0.0
4648148,OM2026-034 - Filing Receipt 2026-02-17 133330 - A9S5W6,pages_2_5,eng,53534,2,2,2,3.7689914270304143,15.043615993999992,3.991416877764789,1,1,4,0,0,0,0,0,4,0,0,0,0,0,5,1,0,0,0,2,2,396,371,395,396,395,0,0.0,False,0.9173789173789174,0.8563829787234043,0.8858321870701514,0.893048128342246,0.8882978723404256,0.8906666666666667,0.8937931034482759,0.8809849521203831,0.8639999999999999,0.861454046639232,0.043596730245231585,0.04347826086956519
4648181,"C38297-1 CER – Letter to NGTL GP Ltd., as general partner on behalf of NGTL Limited Partnership – Receipt of Project Notification – Grande Prairie Mainline Loop No. 3 - Greenview Section - A9S6L8",pages_2_5,eng,615801,3,3,3,6.673185315914452,29.648608866998984,4.4429470280544905,0,0,0,0,0,0,0,0,0,0,0,0,0,0,6,1,1,2,7,3,3,964,903,974,994,995,0,0.0,False,0.9656019656019657,0.8982857142857142,0.930728241563055,0.9480225988700565,0.9588571428571429,0.953409090909091,0.9134785167745734,0.9595505617977528,0.9713644020213363,0.9596907785753728,0.09454949944382651,0.08762886597938147
4648189,C38105-1 Commission – Report GH-001-2024 - Westcoast - Sunrise Expansion Program - A9S3L2,largest,eng,4062869,514,514,514,68.01433181692846,201.00515724900106,2.9553353224146766,49,104,2506,186,0,0,14,0,3559,759,0,194,0,0,606,1,3,7,39,514,514,237782,233084,236182,263613,236831,1,0.0019455252918287938,False,0.9860353502253502,0.9652184212084723,0.9755158431298224,0.9746073259381168,0.9673207130026253,0.9709503488484411,0.9690171448311425,0.9802556198670894,0.9632143254640565,0.9613268128828294,0.14897031062296207,0.14843465521767485
4648190,C38105-2 Commission – Rapport GH-001-2024 - Westcoast - Programme d’agrandissement Sunrise - A9S3L1,largest;french,eng,4527319,499,499,499,78.0645294310525,226.165301371002,2.8971583255459676,51,108,2532,207,0,0,14,0,3709,823,0,207,0,0,589,1,3,7,46,499,499,300870,295415,300698,332596,301392,1,0.002004008016032064,False,0.9837055582104448,0.964098313093215,0.9738032491088081,0.9742801695776384,0.9696605462759564,0.9719648688397909,0.9676512368151041,0.9785985773788328,0.9653910315464481,0.9627291343674607,0.19955248788975355,0.20142736469633582
4648191,C38107-4 Commission - Ordonnance XG-002-2026 - Westcoast - Programme d’agrandissement Sunrise - GH-001-2024 - A9S3Q3,french,eng,880742,38,38,38,7.563442142913118,71.94947684200088,9.512795296440117,9,31,212,19,0,0,4,0,364,79,0,4,0,0,12,1,1,3,0,38,38,15550,15373,13672,27899,13858,0,0.0,False,0.9796334012219959,0.9653096330275229,0.9724187725631769,0.9673147661586968,0.8795871559633027,0.921367435807598,0.9218198325431253,0.9657462757377361,0.9114263043047014,0.8975091070197893,0.32910404060121023,0.3038484050336553
4648283,C38266-1 Letter - A9S5Z4,ocr_candidates,eng,19047836,31,31,31,13.523192255059257,69.27579287799745,5.122739629178916,12,12,370,22,0,0,0,0,406,44,0,2,0,0,52,1,2,4,0,31,31,0,8444,7953,10052,8504,31,1.0,True,0.0,0.0,0.0,0.0,0.0,0.0,0.862238133121188,0.0,0.0,0.7910003718854592,0.08838862559241711,0.07032331110831547
4648468,C38299-4 Q4 2025 Temperature Plots - A9S6Q5,pages_6_20,eng,2206254,10,10,10,7.695849435869604,31.45630786900074,4.087438057504861,1,1,72,0,0,0,0,0,72,0,0,0,0,0,5,1,9,9,0,10,10,2327,425,405,2576,2322,0,0.0,False,0.9667590027700831,0.32616822429906545,0.48777078965758214,0.9883040935672515,0.31588785046728973,0.4787535410764873,0.972972972972973,0.6370309951060359,0.9017773620205801,0.6310204081632653,0.14251781472684089,0.1471321695760599
4648518,C38227-19 Attach 05 - Populated Areas Overview Map - A9S5J4,pages_6_20,eng,7111696,8,8,8,7.9431524821557105,42.48303402400052,5.348384551277171,0,0,0,0,0,0,0,0,0,0,0,0,0,0,1,1,7,7,0,8,8,1267,167,168,1464,1751,0,0.0,False,0.7037037037037037,0.032423208191126277,0.06199021207177813,0.625,0.034129692832764506,0.06472491909385114,0.9152542372881356,0.1353503184713376,0.4821428571428572,0.14285714285714288,0.834355828220859,0.8048780487804879
4648646,C38191-9 09 Attachment 7 - Compressor Station Power Study - A9S4W3,figure_absolute,eng,34536702,183,183,183,49.68553690193221,310.4481932080016,6.24826081321723,265,103,23791,3170,0,0,0,0,19153,3453,0,2580,0,0,453,1,223,237,0,183,183,66654,66533,58596,119627,91554,0,0.0,False,0.5744498252927114,0.6872249926664711,0.625797188553875,0.3639996622857625,0.4742593135816955,0.4118780351882812,0.40373244912630757,0.52899614482295,0.48486349284962543,0.3482191504389062,0.5095973184626253,0.39355202075368656
4648650,C38194-3 Forest Slope HDD IFC Designs September 16 2025 - A9S4X6,figure_dense,eng,9571817,5,5,5,9.95184050500393,54.28436295999563,5.454705884072466,10,10,294,26,0,0,0,0,309,0,0,4,0,0,12,1,28,15,0,5,5,4078,2777,1780,4799,4809,0,0.0,False,0.817533129459735,0.5956182695878203,0.6891514500537057,0.8397394136807818,0.4786483475677683,0.609744560075686,0.7303402916785817,0.6410030019424333,0.8095919828203293,0.5578857630008526,0.2924630364226469,0.13569819819819817
4648658,C38201-4 Commission - Certifcat OC-068 - Pouce Coupé Pipe Line Ltd. - Demande concernant le projet de pipeline de Taylor à Gordondale - OH-001-2024 - A9S4Z5,french,eng,502467,34,34,34,8.315702643012628,69.0865680220013,8.307965181998439,5,32,344,86,0,0,1,0,763,346,0,21,0,0,9,1,1,2,2,34,34,12966,12760,12026,24685,12105,1,0.029411764705882353,False,0.9782037559599105,0.9580672829505384,0.9680308136735676,0.9199693453032626,0.8008195940150576,0.8562694247719977,0.8593065787440112,0.9621673003802281,0.8607222560357068,0.8451188669701568,0.19433991846973975,0.24022625187156876
4648706,C38227-15 Attach 09 - Aerial Overview Maps - A9S5J0,pages_2_5,eng,1625352,2,2,2,6.833861815975979,16.75809619500069,2.4522146695773333,0,0,0,0,0,0,0,0,0,0,0,0,0,0,1,1,1,1,0,2,2,140,17,25,401,170,0,0.0,False,0.07692307692307693,0.008064516129032258,0.014598540145985403,0.8095238095238095,0.13709677419354838,0.23448275862068962,0.058823529411764705,0.06097560975609756,0.5342960288808665,0.05758157389635317,0.0,0.0
4648717,C38235-2 OM2026-030 - Notification of Operation and Maintenance Activities - Notification des activités d'exploitation et d'entretien - 2026-02-12 1500 - A9S5Q1,pages_2_5,eng,91410,4,4,4,5.032102673081681,28.78719195099984,5.7207083839905915,0,0,0,0,0,0,0,0,0,0,0,0,0,0,8,1,0,0,3,4,4,854,854,854,854,854,0,0.0,False,1.0,1.0,1.0,1.0,1.0,1.0,1.0,1.0,1.0,1.0,0.024705882352941133,0.024705882352941133
4652223,C38379-2 WSP-CER No 218 Incentive Tariff - A9S7V3,pages_6_20,eng,253688,8,8,8,6.725283866981044,40.50010662600107,6.022066492218033,4,5,81,0,0,0,0,0,106,0,0,0,0,0,14,1,0,0,0,8,8,2186,2123,2224,2487,2269,1,0.125,False,0.9801023308698124,0.9556541019955654,0.9677238282346338,0.9776035834266518,0.967849223946785,0.9727019498607243,0.9782792665726375,0.9621442387399833,0.9458862506902265,0.9402697495183044,0.1698914582350165,0.1954954954954955
4652251,C38421-2 Commission – Ordonnance GO-017-2026 à Sanabridge Corp. – Exportation de gaz - A9S8L8,pages_1_1,eng,555150,1,1,1,4.894418557872996,16.526310510002077,3.3765625711389995,0,0,0,0,0,0,0,0,0,0,0,0,0,0,3,1,1,2,0,1,1,293,294,293,302,296,0,0.0,False,0.9963503649635036,1.0,0.9981718464351006,1.0,1.0,1.0,0.9981718464351006,0.9855595667870035,0.905109489051095,0.8920863309352519,0.05517241379310345,0.05536332179930792
4652312,C38341-6 Commission 1 – Pièce jointe - Montants des CECE des tronçons de la canalisation Ouest fournis à titre informatif - A9S7F6,table_dense,eng,1542745,11,11,11,10.481590637005866,67.50619301400002,6.440453109823377,49,41,3457,411,0,0,2,0,3566,618,0,122,0,0,8,1,3,11,0,11,11,8051,7783,8495,15093,9573,0,0.0,False,0.44955044955044954,0.5123339658444023,0.47889322454771194,0.5575826681870011,0.5567362428842505,0.5571591340676034,0.5654952076677315,0.46853856562922874,0.5897618201208674,0.5733886407147415,0.6139606633243347,0.6901425038275821
4652413,C38368-1 Q4 2025 Trans Northern Pipelines Inc Surveillance Cover letter - A9S7R8,pages_1_1,eng,251912,1,1,1,3.5521206450648606,15.14178406100109,4.262744871021859,0,0,0,0,0,0,0,0,0,0,0,0,0,0,1,1,1,1,1,1,1,113,82,83,116,118,0,0.0,False,1.0,0.7129629629629629,0.8324324324324325,0.9230769230769231,0.6666666666666666,0.7741935483870968,0.9290322580645162,0.9497716894977168,0.8959276018099547,0.8839285714285714,0.012820512820512775,0.012658227848101222
4652465,C38477-2 Commission - Lettre - Westcoast Energy GP Inc. au nom de Westcoast Energy Limited Partnership - Programme Aspen Point - Ordonnance XG-017-2024 – Condition 21 - Proposition visant à satisfaire la condition par étapes - A9S9J1,pages_2_5,eng,639209,3,3,3,10.929666234878823,29.72910054699605,2.720037365104924,0,0,0,0,0,0,0,0,0,0,0,0,0,0,7,1,1,2,3,3,3,792,758,798,820,818,0,0.0,False,0.9747023809523809,0.9264497878359265,0.9499637418419143,0.9410112359550562,0.9476661951909476,0.9443269908386188,0.9364161849710984,0.9402777777777779,0.9471488178025035,0.9084699453551912,0.10875331564986734,0.10327455919395467
4652478,C38507-2 NCC Loop North Star 1 Condition 18 CHRMR Year Three Chinchaga Offsets Part 2 of 2 - A9S9Y2,figure_absolute,eng,50295962,190,190,190,39.79000008502044,222.38445697799762,5.588953418015138,138,25,1339,10,0,0,4,0,722,15,0,46,0,0,162,1,210,174,27,190,190,45092,33573,14428,53558,47336,0,0.0,False,0.8007597340930674,0.6469730683649199,0.7156983406187667,0.829958212793314,0.5943374510857056,0.692658499508182,0.7720888083371091,0.6304056437389771,0.7553122987765615,0.6032806402539851,0.6863177336232834,0.3529534109816972
4652501,C38308-1 20260220 Lake Erie Connector Commitments Tracking Table Feb 1-28 2026 V96 - A9S6S6,pages_6_20,eng,393411,15,15,15,14.773168459068984,90.7761472419952,6.1446633803373,15,15,2959,351,0,0,0,0,2776,494,0,10,0,0,16,1,0,0,0,15,15,23369,23338,22852,45791,22882,0,0.0,False,0.9888210210902386,0.987682744330609,0.9882515549412577,0.8425862068965517,0.8438471278922528,0.8432161960085122,0.8434137077746446,0.9875301689460981,0.8416157092412367,0.8424431769325575,0.2562783920459415,0.23844537815126055
4652521,C38343-3 03 Trans Mountain - Attachment 1 - Condition 41 Update Part2 - A9S7G3,largest;table_absolute,eng,14992576,368,368,368,26.61192878591828,461.36409865699534,17.33674031553573,327,315,41667,4380,0,0,1,0,42549,6381,0,626,0,0,51,1,56,39,32,368,368,164988,156763,148492,300846,155409,0,0.0,False,0.9364791013821396,0.9073188618363156,0.9216683924700344,0.646748660196093,0.7681871516573775,0.7022566069106072,0.7098932936159795,0.9020546058259747,0.6981238137437091,0.6860228425565337,0.578607926817599,0.4546225957653144
4652743,C38343-5 05 Trans Mountain - Attachment 1 - Condition 41 Update blackline Part2 - A9S7G5,largest;table_absolute,eng,14709326,372,372,372,80.32199043105356,484.5530246519993,6.032632185178825,329,317,42232,4698,0,0,1,0,42687,6158,0,593,0,0,58,1,54,39,34,372,372,168118,160071,150162,305847,157802,0,0.0,False,0.9341441229974766,0.9097208332142755,0.9217707262699227,0.6420188360299445,0.7596651141526417,0.6959048254741058,0.7026704816404388,0.9001748350346849,0.6954584095417192,0.6803533245087059,0.5741533232958699,0.448447635157634
4652903,C38488-1 Summerlin Ltd. incorporation-compressed.pdf - A9S9R5,ocr_candidates,eng,1460765,26,26,26,7.235956765012816,59.303552844998194,8.19567539868975,18,9,631,14,0,0,0,0,825,162,0,35,0,0,50,1,8,17,0,26,26,0,6496,7225,9283,7456,26,1.0,True,0.0,0.0,0.0,0.0,0.0,0.0,0.4664904011955397,0.0,0.0,0.45915678524374176,0.35243376463339493,0.3775100401606426
4652909,C38509-2 NWML Boundary Lake Condition 13 CHRMR Year Three Chinchaga Offsets Part 2 of 2 - A9S9Z0,figure_absolute,eng,50295962,190,190,190,33.519697493175045,233.1179300790027,6.954654949570112,138,25,1339,10,0,0,4,0,722,15,0,46,0,0,162,1,210,174,27,190,190,45092,33573,14428,53558,47336,0,0.0,False,0.8007597340930674,0.6469730683649199,0.7156983406187667,0.829958212793314,0.5943374510857056,0.692658499508182,0.7720888083371091,0.6304056437389771,0.7553122987765615,0.6032806402539851,0.6863177336232834,0.3529534109816972
4652959,C38361-1 Let Contact Change 26Feb26 - A9S7L5,pages_1_1,eng,107805,1,1,1,3.569665372837335,15.135716972996306,4.240094068247562,0,0,0,0,0,0,0,0,0,0,0,0,0,0,1,1,1,1,1,1,1,160,140,140,161,161,0,0.0,False,1.0,0.8717948717948718,0.9315068493150686,0.9191176470588235,0.8012820512820513,0.8561643835616438,0.9191176470588235,0.9712460063897764,0.8434504792332268,0.8407643312101911,0.0,0.0
4654846,C38530-2 Attachment 1 - Supported TTF Resolution 2025-01 - A9T0G9,pages_101_plus,eng,2600894,209,209,209,35.43992967205122,162.09972295199987,4.573929024465181,46,51,17046,4956,0,0,4,0,14345,2180,0,3027,0,0,266,1,2,3,0,209,209,74112,68258,75788,91446,82299,0,0.0,False,0.9448981966259453,0.925958863501619,0.9353326653537414,0.7640784206695779,0.7660646691293839,0.7650702557445741,0.7821676270660088,0.9336197197504348,0.7672023073753607,0.7566715509968472,0.37036657192252465,0.41982476512192546
4655021,C38506-2 2017 NGTL SXP NWML BLS Condition 33 CHRMR Year Three Chinchaga Offsets Part 2 of 2 - A9S9X9,figure_absolute,eng,50295962,190,190,190,31.008099207188934,227.20235739200143,7.327193965482628,138,25,1339,10,0,0,4,0,722,15,0,46,0,0,162,1,210,174,27,190,190,45092,33573,14428,53558,47336,0,0.0,False,0.8007597340930674,0.6469730683649199,0.7156983406187667,0.829958212793314,0.5943374510857056,0.692658499508182,0.7720888083371091,0.6304056437389771,0.7553122987765615,0.6032806402539851,0.6863177336232834,0.3529534109816972
4656855,C38610-2 2026-03-20 - Pipelines Trans-Nord inc. - Rapport de contre-expertise M Bisaillon - A9T1R2,french,eng,3321738,36,36,36,8.925019338959828,51.92873943599989,5.818333547953069,5,4,114,0,0,0,0,0,137,18,0,4,0,0,49,1,52,48,0,36,36,9417,9557,9552,11492,10867,0,0.0,False,0.8529036745102585,0.936847466259231,0.8929069837995268,0.8179404294620181,0.9020881079704609,0.8579559215306368,0.9191971773960321,0.8662509470248849,0.8325775867145633,0.8516710069444445,0.09693290065947868,0.09279430247172182
4656877,C38681-1 Buffalo Creek B3 and Goodfish A2 CS Unit Addition - Condition 10 CHROMMP - A9T2S9,pages_101_plus,eng,1692863,101,101,101,15.277435547905043,54.3374639590038,3.556713676756762,19,27,1144,489,0,0,4,0,1259,503,0,76,0,0,105,1,12,13,190,101,101,32343,30195,30885,37935,33000,0,0.0,False,0.9765666742996718,0.9528207037795569,0.9645475620559022,0.9555714393198405,0.9458573822379445,0.9506895970956453,0.9651409518035767,0.9588954897932744,0.9395420917661385,0.944430180097568,0.13212546785465862,0.13921181308895436
4656932,C38761-2 ACE Tables and Calculation - A9T3Z4,table_dense,eng,1558987,23,23,23,7.637751186033711,104.15518354300002,13.636891410322031,219,44,10755,9459,0,0,0,0,801,199,0,75,0,0,1,1,0,2,0,23,23,39776,3049,37956,4699,38388,0,0.0,False,0.1638683680322364,0.03618567403232982,0.059280855199222535,0.16798448455915263,0.1669879875426368,0.16748475383013536,0.06689453125,0.059061681352703024,0.1840374214296156,0.06655806376541773,0.5110016420361247,0.8233821669477235
4656936,C38764-2 02 Condition 13 - Indigenous Engagement Report - A9T4A4,pages_21_100,eng,990575,31,31,31,7.4871417169924825,39.13232339800015,5.226603806521677,0,0,0,0,0,0,0,0,0,0,0,0,0,0,22,1,0,0,5,31,31,15265,14338,14407,15257,15236,0,0.0,False,0.9914506717329352,0.9535369355259723,0.9721242764952431,0.9805968152013916,0.9564082484990865,0.9683515031384209,0.9857162107532677,0.9729163940860918,0.9533759958208176,0.9622937941869599,0.48590763220315336,0.48114976046656943
4656988,C38610-1 2026-03-20 - Pipelines Trans-Nord inc. - Réponse à la réclamation détaillée et annexes (version caviardée) - A9T1R1,french,eng,18871253,122,122,121,25.1069759959355,128.88532488599594,5.133446772198326,24,7,390,108,0,0,0,0,208,55,0,1,0,0,105,1,32,78,29,122,122,24342,40973,40121,45657,43593,45,0.36885245901639346,False,0.5155634129376304,0.8741952921519485,0.6486062749530563,0.551566349876804,0.9240748931151408,0.6908028875296193,0.8668727039477521,0.6351379967530175,0.6627355149454597,0.7942077800171171,0.15780224071859206,0.1501857068075878
4657005,C38633-9 09 Attachment 7 - Compressor Station Power Study - Part 1 of 2 - A9T1Y9,table_absolute,eng,44982663,224,224,224,61.058491171803325,326.6207688659997,5.34930953250991,314,179,30765,1296,0,0,0,0,24503,2380,0,2704,0,0,572,1,204,269,0,224,224,86890,78687,72497,165574,104447,0,0.0,False,0.6700935596170583,0.6592636198223268,0.664634475316968,0.4282701421800948,0.48359734560633627,0.45425526567134167,0.47543308681997765,0.5240933118354184,0.5453596643814591,0.3591172094561084,0.5327071921507822,0.4178748292938629
4657010,C38637-1 NGTL GP 2025 Abandonment Program Cond. 4 Updated Environmental Protection Plan - A9T2A4,pages_101_plus,eng,15465139,212,212,212,29.772307896986604,175.50435821300198,5.894885906065939,40,87,2701,130,0,0,15,0,3317,231,0,475,0,0,241,1,183,73,0,212,212,42722,56154,49982,86824,64702,0,0.0,False,0.6936564905301392,0.9351190649683756,0.796489616563846,0.7574868597970909,0.9031158005188143,0.8239157603637621,0.7781360074348589,0.7510075713453698,0.7274409670164917,0.7290074847965071,0.17627782724844165,0.18153987754612033
4657060,C38563-1 Reply Evidence - A9T0U9,ocr_candidates,eng,11807259,27,27,24,7.963698153849691,71.83559850900201,9.020381878019363,10,10,371,33,0,0,2,0,160,17,0,1,0,0,42,1,0,1,0,27,27,0,8063,1606,9654,1742,27,1.0,True,0.0,0.0,0.0,0.0,0.0,0.0,0.31673396141767607,0.0,0.0,0.30823080186677976,0.08524630847499692,0.03620474406991259
4657182,C38568-3 Commission - Order XO-004-2026 - Enbridge Pipelines Inc. - Line 4 and 67 Optimization Project - A9T0X5,pages_2_5,eng,129241,4,4,4,3.5364462519064546,30.526113211992197,8.631861206864361,2,2,39,5,0,0,0,0,52,8,0,10,0,0,9,1,1,2,0,4,4,796,785,840,983,853,0,0.0,False,0.9838926174496644,0.9695767195767195,0.9766822118587609,0.9543080939947781,0.966931216931217,0.9605781865965834,0.9768365320979484,0.965291421087099,0.932899022801303,0.9161290322580644,0.04609475032010246,0.08373205741626799
4657355,C38715-1 2025 Norman Wells Operations Annual Environmental Report - Final - A9T3G8,pages_6_20,eng,1027148,16,16,16,5.863947324920446,40.69840141800523,6.940444578184777,9,7,322,1,0,0,0,0,377,1,0,13,0,0,28,1,8,9,1,16,16,4478,4249,4386,5715,4730,0,0.0,False,0.9722084367245658,0.9306413301662708,0.9509708737864079,0.9080348499515973,0.8912114014251782,0.8995444737473028,0.9206076941925998,0.9345224125792068,0.8818952502612938,0.8722598416159761,0.050647820965842194,0.057051574623459556
4657417,C38611-2 Condition 11 - Plan for Indigenous Peoples Participation in Construction Monitoring - A9T1R6,pages_21_100,eng,1534209,36,36,36,8.50652969093062,60.15579257599893,7.071719580328397,6,26,408,15,0,0,3,0,514,16,0,30,0,0,25,1,2,2,0,36,36,12914,11759,12078,21485,13432,0,0.0,False,0.9807101727447217,0.9597107438016529,0.9700968293146003,0.9486983154670751,0.9308790383170549,0.9397042093287827,0.9567759248610312,0.9640044994375703,0.9608928156242735,0.9436992341610583,0.11356869417269244,0.1346695378499254
4657510,C38548-2 Commission - Lettre de décision - Plainte de l’Association canadienne des producteurs pétroliers sur les droits exigibles sur le réseau principal au Canada d’Enbridge - tarifs nos 571 et 572 de la Régie - A9T0Q0,french,eng,759386,18,18,18,7.201879458036274,31.62306081400311,4.390945585560485,0,0,0,0,0,0,0,0,0,0,0,0,0,0,33,1,1,2,27,18,18,9564,8495,9479,9592,9623,0,0.0,False,0.9851230727616986,0.8775903614457832,0.9282528354785268,0.9627336732216557,0.9555421686746988,0.9591244406820656,0.9146622313203684,0.9764224708288223,0.9627493391011774,0.9554889022195562,0.12919561889059006,0.13055408970976257
4657596,C38669-2 CER No. 597 - A9T2L9,pages_6_20,eng,171242,9,9,9,5.672745882067829,33.167710182999144,5.846852806829565,8,8,251,0,0,0,0,0,346,9,0,30,0,0,14,1,1,1,1,9,9,2176,2030,3177,2735,3285,0,0.0,False,0.9630078835657975,0.9126436781609195,0.9371496016524047,0.8650839606253619,0.8586206896551725,0.8618402076723392,0.8755924170616113,0.9331046312178387,0.8632889895273139,0.8437059983103351,0.18608094768015793,0.45572013867002836
4657704,C38745-1 2025 Norman Wells Operations Annual Environmental Report - Final - A9T3U1,pages_6_20,eng,1027148,16,16,16,7.355606399010867,41.52527224298683,5.645390738766402,9,7,322,1,0,0,0,0,377,1,0,13,0,0,28,1,8,9,1,16,16,4478,4249,4386,5715,4730,0,0.0,False,0.9722084367245658,0.9306413301662708,0.9509708737864079,0.9080348499515973,0.8912114014251782,0.8995444737473028,0.9206076941925998,0.9345224125792068,0.8818952502612938,0.8722598416159761,0.050647820965842194,0.057051574623459556
4659523,C38811-1 CER Submission 2026 Signed - A9T4S6,pages_2_5,eng,290459,2,2,2,3.955163620179519,17.063856094988296,4.31432368762883,3,2,56,2,0,0,0,0,113,49,0,3,0,0,4,1,0,4,0,2,2,551,532,600,1129,738,0,0.0,False,0.7073684210526315,0.6449136276391555,0.674698795180723,0.7982261640798226,0.690978886756238,0.7407407407407408,0.6652267818574514,0.7862660944206008,0.8592057761732853,0.701868399675061,0.10037878787878785,0.24328859060402686
4659560,C38878-1 Letter encl Response to CER Information Request No. 1 - A9T5Q7,pages_1_1,eng,266669,1,1,1,4.102982345968485,16.219972267994308,3.9532152225640833,0,0,0,0,0,0,0,0,0,0,0,0,0,0,1,1,0,2,1,1,1,224,204,232,236,234,0,0.0,False,0.8781725888324873,0.7972350230414746,0.8357487922705313,0.9288888888888889,0.9631336405529954,0.9457013574660633,0.8009478672985783,0.874439461883408,0.9414414414414415,0.8464912280701755,0.015000000000000013,0.013157894736842146
4659858,C38934-2 McMahon Slope HDD IFC Designs April 13 2026 - A9T6K4,figure_dense,eng,12428130,5,5,5,11.185694107785821,58.91697348198795,5.267171881714403,15,16,535,152,0,0,0,0,420,2,0,4,0,0,13,1,28,13,0,5,5,4494,2928,2062,5398,5432,0,0.0,False,0.7901176470588235,0.5554085345683096,0.6522921522921522,0.7925969447708578,0.4462454515382071,0.5710052910052911,0.7029004442121766,0.5958508812977694,0.806031746031746,0.5104276069017255,0.2732558139534884,0.17298347910592804
4659897,C38837-6 Application for a Blanket Electricity Export Permit - EN - A9T5A8,pages_6_20,eng,104762,7,7,7,4.809817367000505,39.03498679099721,8.115690017423713,5,0,38,6,0,0,0,0,0,0,0,0,0,0,13,1,1,9,0,7,7,2259,2201,2203,2339,2252,0,0.0,False,0.8966699314397649,0.8781774580335732,0.8873273564332445,0.92236328125,0.9059952038369304,0.9141059762884104,0.8992665036674816,0.8831106870229007,0.9043394869335891,0.8609587407584068,0.07055075102412378,0.06866757617098684
4659934,C38918-4 Attachment 3 - Enbridge Mainline Force Majeure Application - March 2026 - A9T6E9,pages_1_1,eng,768492,1,1,1,4.6923024309799075,16.9714258370077,3.616865299422635,1,1,58,13,0,0,0,0,70,18,0,0,0,0,3,1,0,0,0,1,1,24,472,503,555,524,0,0.0,False,0.0,0.0,0.0,0.0,0.0,0.0,0.8056460369163952,0.06225680933852141,0.06464646464646465,0.7863777089783281,0.002136752136752129,0.09018036072144286
4660021,C38919-2 Niagara Gas Response to CER IR No. 2 - A9T6F2,pages_1_1,eng,189902,1,1,1,3.6622424088418484,15.234287896004389,4.159825100387633,0,0,0,0,0,0,0,0,0,0,0,0,0,0,3,1,0,0,2,1,1,252,248,249,252,251,0,0.0,False,1.0,0.9824561403508771,0.9911504424778761,0.9777777777777777,0.9649122807017544,0.9713024282560706,0.9799554565701558,0.9824561403508771,0.9626373626373627,0.9802197802197802,0.08196721311475408,0.08163265306122447
4660027,"C38933-1 NGTL GP - Application for Approval of Final 2026 Rates, Tolls, Charges and Final 2026 Abandonment Surcharges for the NGTL System - A9T6K1",pages_101_plus,eng,8432097,105,105,105,45.598547477973625,335.72532850199786,7.362632080861127,84,95,66654,10622,0,0,10,0,57247,6940,0,9217,0,0,58,1,2,4,0,105,105,122839,121161,133883,238264,136535,0,0.0,False,0.9743743940305102,0.964666285950353,0.9694960374155891,0.4183999524855972,0.42797778884825216,0.4231346779909422,0.4291526324049594,0.9722653407712831,0.4319666020575518,0.43416094718232306,0.327475919674472,0.37118592161578734
4660247,C38927-1 Bonterra AB ERP-15Apr26 CER - A9T6H6,largest;figure_absolute,eng,24667546,333,333,307,53.81004656315781,338.05187119499897,6.282318875123467,149,104,9886,4259,0,0,2,0,7703,2135,0,764,0,0,831,1,363,424,30,333,333,90209,83488,87671,115877,98963,64,0.1921921921921922,False,0.9048588967396648,0.8616372391653291,0.8827193060589656,0.8542221246466698,0.8327180310326378,0.8433330172448829,0.8640424247051719,0.8733260783150981,0.8626382123250599,0.8359799664431639,0.14727372909779124,0.16869517606396933
4662205,C39113-1 OM2026-117 - Location maps - A9T8X6,figure_dense,eng,6967578,12,12,12,9.119489286793396,55.901339427000494,6.1298761004034885,16,1,813,152,0,0,0,0,12,0,0,0,0,0,7,1,53,2,6,12,12,7400,4658,6383,7909,6692,0,0.0,False,0.429874213836478,0.29840646147129446,0.3522741914701714,0.27398119122257053,0.2861820563195809,0.2799487508007687,0.31563088512241055,0.33099340565837054,0.31870860927152317,0.28109854604200324,0.3167168027503223,0.24988242671265093
4662232,C39144-2 Condition 13 - CS-2B to CS-3 Pipeline Loop Watercourse Crossings Inventory - A9T9I9,table_dense,eng,14332128,27,27,27,13.235183179145679,103.31660097900021,7.806208616877581,165,45,4988,24,0,0,0,0,7676,1286,0,1055,0,0,89,1,115,40,8,27,27,14854,13375,20156,23692,24074,0,0.0,False,0.5496943927717247,0.5210983751102154,0.5350145489815712,0.33174807197943446,0.3251039173699458,0.3283923913734971,0.5220175094734092,0.5254237288135594,0.44594218236506433,0.6056392429509463,0.43714007927604515,0.6139341008336642
4662233,C39144-3 Condition 13 - CS-3 to CS-4A Pipeline Loop Watercourse Crossings Inventory - A9T9J0,table_dense,eng,16288037,35,35,35,15.177493697963655,141.3934161260113,9.315992412171573,247,59,7159,175,0,0,1,0,10512,1976,0,1272,0,0,102,1,149,66,10,35,35,20634,18449,25319,33233,32259,0,0.0,False,0.5712789258165889,0.5519367007084368,0.5614412728123538,0.29803470625130674,0.26230563989327443,0.27903107413750916,0.45946080629889874,0.5482174167153712,0.4768605124034161,0.6154213986849971,0.4306858227161833,0.6221212719731384
4662253,C39213-1 Commission - Letter to Montreal Pipe Line Limited - Application to Change Set-Aside and Collection Mechanism with Surety Bond - A9U0I7,pages_1_1,eng,169155,1,1,1,7.811861721100286,15.531633976002922,1.9882115852167594,0,0,0,0,0,0,0,0,0,0,0,0,0,0,1,1,1,1,5,1,1,211,229,237,240,240,0,0.0,False,0.92,1.0,0.9583333333333334,0.8884120171673819,1.0,0.9409090909090909,0.9519650655021834,0.9345372460496614,0.9345372460496614,0.9491525423728814,0.0,0.0
4662313,C39061-2 OM2026-045 - Groundwood Section OM information - A9T8D0,pages_1_1,eng,560673,1,1,1,4.633957500103861,16.53337322200241,3.567873296557391,3,4,41,3,0,0,0,0,48,3,0,1,0,0,4,1,0,0,0,1,1,89,154,128,300,128,0,0.0,False,0.4621212121212121,0.7922077922077922,0.583732057416268,0.6333333333333333,0.7402597402597403,0.6826347305389222,0.6036036036036035,0.5622119815668203,0.6826347305389222,0.5826086956521739,0.12,0.27419354838709675
4662373,C39144-4 Condition 13 - CS-4A to CS-4B Downstream Pipeline Loop Watercourse Crossings Inventory - A9T9J1,table_dense,eng,6319310,7,7,7,8.359644216950983,51.93036844099697,6.212030930179653,36,7,1084,8,0,0,0,0,1352,221,0,133,0,0,15,1,20,14,10,7,7,3340,2986,3903,5264,4717,0,0.0,False,0.6105666808691947,0.5764279967819791,0.5930064142354645,0.46652542372881356,0.4428801287208367,0.45439537763103593,0.6445719141703846,0.5914085914085915,0.5110115714818961,0.6711185308848081,0.21294433266264257,0.39471659399846115
4662398,C39131-8 Pig Barrel Materials Reuse Engineering Assessment Report - A9T9D9,ocr_candidates,eng,83921099,110,110,110,36.34135728678666,210.99512097499974,5.805922968422409,129,86,8535,1882,0,0,1,0,4117,915,0,406,0,0,110,1,82,195,0,110,110,0,27753,29869,48005,41180,110,1.0,True,0.0,0.0,0.0,0.0,0.0,0.0,0.4031631006849859,0.0,0.0,0.32961995829497853,0.2581354283037226,0.42323790390088734
4662461,C39144-6 Condition 13 - CS-4B to CS-5 Pipeline Loop Watercourse Crossings Inventory - A9T9J3,table_absolute;table_dense;figure_dense,eng,19497395,45,45,45,18.30881495703943,153.2550473040028,8.370560719719263,333,89,9013,39,0,0,1,0,13254,2445,0,1697,0,0,129,1,200,106,10,45,45,25397,22685,33209,41429,40549,0,0.0,False,0.5816149068322981,0.5618849507960637,0.5715797184015626,0.35960884353741496,0.3383470677654212,0.34865410775382333,0.5205789804908748,0.5529172850113254,0.4800229538770533,0.6044226044226044,0.46761606631100916,0.6458364704110826
4662683,C39144-7 Condition 13 - CS-5 to CS-6A Pipeline Loop Watercourse Crossings Inventory - A9T9J4,table_dense,eng,7271817,7,7,7,8.001527213025838,48.38504016700608,6.046975643379573,38,13,865,4,0,0,0,0,1258,171,0,157,0,0,18,1,20,18,10,7,7,3078,2745,4111,4570,5239,0,0.0,False,0.6225930680359435,0.5859846959323399,0.603734439834025,0.5042151746286632,0.5058397100281917,0.505026135906715,0.676056338028169,0.5991259435836312,0.6120276742948377,0.6580192813321648,0.14739146296971906,0.39347455563671785
4662685,C39144-9 Conditino 13 - CS-6B to CS-7 Pipeline Loop Watercourse Crossings Inventory - A9T9J6,table_dense;figure_dense,eng,2851986,19,19,19,8.840605340199545,76.08773856899643,8.606620886356524,146,50,3266,22,0,0,1,0,4581,768,0,329,0,0,49,1,86,52,10,19,19,9654,8599,13017,15398,15271,0,0.0,False,0.6272031333452021,0.5929978118161926,0.6096210417027167,0.47985153764581123,0.45699377209224035,0.4681438055004742,0.6511751662971176,0.5941596150655384,0.5312719606465214,0.6892672779104708,0.3464805119255381,0.5652040267424883
4662686,C39144-10 Condition 13 - CS-7 to CS-8A Pipeline Loop Watercourse Crossings Inventory - A9T9J7,table_dense,eng,6168659,6,6,6,7.919274598127231,43.48268364999967,5.4907407378300235,28,6,677,1,0,0,0,0,1142,264,0,181,0,0,17,1,16,8,10,6,6,2779,2491,3599,4060,4408,0,0.0,False,0.6398485565546617,0.6000887705281847,0.619331195602382,0.42498838829540175,0.40612516644474034,0.4153427144802542,0.5288326300984529,0.6175176056338029,0.5229540918163673,0.624405705229794,0.1503819863289103,0.40111265646731575
4662688,C39144-12 Condition 13 - CS-8B to CS-9 Pipeline Loop Watercourse Crossings Inventory - A9T9J9,table_dense,eng,13290636,12,12,12,9.411475609987974,61.605909573991084,6.545828956790953,69,20,2124,15,0,0,0,0,2604,345,0,296,0,0,27,1,40,26,8,12,12,6514,5836,8708,10576,10278,0,0.0,False,0.6178329571106095,0.581104033970276,0.59890590809628,0.5131634819532909,0.5131634819532909,0.5131634819532909,0.725164113785558,0.5894004846696871,0.5686446458150638,0.7013741048964584,0.24039780521262,0.45886948529411764
4662784,C39143-2 PPFL AFS 2025 - FINAL - A9T9I6,pages_21_100,eng,351879,23,23,23,7.750307929003611,42.624008810002124,5.499653588019685,17,18,665,40,0,0,1,0,711,73,0,10,0,0,73,1,5,7,0,23,23,7890,7763,7811,9287,7947,0,0.0,False,0.9843217450579413,0.9686074590823719,0.9764013794036108,0.9808241534067728,0.9675342098202308,0.9741338556088337,0.9926470588235294,0.9728539985326485,0.96713740713473,0.9580726740316784,0.05464621729604335,0.05815293966952739
4662865,C39063-4 Commission - Certificat GC-135 - Westcoast - Demande relative au programme d’agrandissement Sunrise – GH-001-2024 - A9T8D7,french,eng,896849,53,53,53,9.469646280864254,101.26535102800005,10.693678309044296,10,51,749,199,0,0,2,0,1015,334,0,64,0,0,11,1,1,2,0,53,53,17345,17158,15809,33248,15936,0,0.0,False,0.9767736486486487,0.9636696941921506,0.9701774254435636,0.946742362800757,0.8754270477460212,0.9096891505758075,0.9114531106945111,0.9642532815982827,0.9245112003107601,0.9043731030650194,0.3097819750495511,0.29788041758937045
4662919,C39185-1 Letter - A9T9Z9,pages_1_1,eng,132129,1,1,1,5.057696536183357,17.141604731999905,3.3892117902619985,0,0,0,0,0,0,0,0,0,0,0,0,0,0,3,1,1,2,1,1,1,261,264,252,274,270,0,0.0,False,0.9717741935483871,0.9836734693877551,0.9776876267748479,1.0,0.963265306122449,0.9812889812889813,0.9752066115702479,0.9582504970178926,0.9819639278557113,0.9609375,0.0461538461538461,0.048387096774193505
